id,date,method,pathname,status,timestamp,level,event_message,log_type,log_count,logs,auth_user
9a5d8f6c-7c4d-4a04-8eeb-9d502a0f4e85,"""2026-09-17T03:49:40.300Z""",GET,/auth/v1/health,200,2026-09-17T03:49:40.300000,success,GET | 200 | https://rjfnuegwzolpmzmdykfq.supabase.co/auth/v1/health | @supabase-infra/mgmt-api/v1.304.0,edge,null,[],null
69255fbe-a5c9-46aa-a23e-65c0b3d55e77,"""2026-09-17T03:49:40.289Z""",HEAD,/rest-admin/v1/ready,200,2026-09-17T03:49:40.289000,success,HEAD | 200 | https://rjfnuegwzolpmzmdykfq.supabase.co/rest-admin/v1/ready | @supabase-infra/mgmt-api/v1.304.0,edge,null,[],null
0ca688f4-e9e2-4bd1-be5b-fd810e96635e,"""2026-09-17T03:33:52.162Z""",,,00000,2026-09-17T03:33:52.162000,success,"checkpoint complete: wrote 16 buffers (0.1%); 0 WAL file(s) added, 0 removed, 2 recycled; write=1.555 s, sync=0.005 s, total=1.610 s; sync files=13, longest=0.004 s, average=0.001 s; distance=32768 kB, estimate=36386 kB; lsn=4/25000080, redo lsn=4/25000028",postgres,null,[],null
55431a0b-6db5-428a-b120-8a38fcfc453f,"""2026-09-17T03:33:50.562Z""",,,00000,2026-09-17T03:33:50.562000,success,checkpoint starting: time,postgres,null,[],null
e5134bef-97f2-4709-afd5-971ce690bfa2,"""2026-09-17T03:29:27.595Z""",POST,/auth/v1/token,200,2026-09-17T03:29:27.595000,success,POST | 200 | https://rjfnuegwzolpmzmdykfq.supabase.co/auth/v1/token?grant_type=refresh_token | python-httpx/0.28.1,edge,null,[],cd0dcb8b-2822-4e50-9d86-4b1c7dfa29f4
21db6b57-9fad-41d1-82f7-73d0af0085ff,"""2026-09-17T03:29:27.583Z""",POST,/auth/v1/token,200,2026-09-17T03:29:27.583000,success,POST | 200 | https://rjfnuegwzolpmzmdykfq.supabase.co/auth/v1/token?grant_type=refresh_token | python-httpx/0.28.1,edge,null,[],cd0dcb8b-2822-4e50-9d86-4b1c7dfa29f4
cb7bc38a-0e60-43d9-8e64-d449f493804e,"""2026-09-17T03:29:27.357Z""",POST,/auth/v1/token,200,2026-09-17T03:29:27.357000,success,POST | 200 | https://rjfnuegwzolpmzmdykfq.supabase.co/auth/v1/token?grant_type=refresh_token | python-httpx/0.28.1,edge,null,[],cd0dcb8b-2822-4e50-9d86-4b1c7dfa29f4
b676b249-e3cc-4365-8c5e-e25291383b16,"""2026-09-17T03:29:26.753Z""",POST,/auth/v1/token,200,2026-09-17T03:29:26.753000,success,POST | 200 | https://rjfnuegwzolpmzmdykfq.supabase.co/auth/v1/token?grant_type=refresh_token | python-httpx/0.28.1,edge,null,[],cd0dcb8b-2822-4e50-9d86-4b1c7dfa29f4
588f4d3a-979a-4b92-a592-37cc42f9ad06,"""2026-09-17T02:58:48.759Z""",,,00000,2026-09-17T02:58:48.759000,success,"checkpoint complete: wrote 2 buffers (0.0%); 0 WAL file(s) added, 0 removed, 2 recycled; write=0.107 s, sync=0.002 s, total=0.122 s; sync files=2, longest=0.002 s, average=0.001 s; distance=32768 kB, estimate=36788 kB; lsn=4/23000080, redo lsn=4/23000028",postgres,null,[],null
f5cf6045-5620-4477-bcf4-5cca884bfec6,"""2026-09-17T02:58:48.638Z""",,,00000,2026-09-17T02:58:48.638000,success,checkpoint starting: time,postgres,null,[],null
603b47cd-47f4-42ed-952a-66447a3876ef,"""2026-09-17T02:57:36.830Z""",PATCH,/rest/v1/processing_jobs,200,2026-09-17T02:57:36.830000,success,PATCH | 200 | https://rjfnuegwzolpmzmdykfq.supabase.co/rest/v1/processing_jobs?id=eq.8cba4d7b-b0cc-4f9f-8c04-9b936cbc533c | python-httpx/0.28.1,edge,null,[],cd0dcb8b-2822-4e50-9d86-4b1c7dfa29f4
93d0e68e-3c2d-4958-9cce-b297985ef05b,"""2026-09-17T02:57:36.632Z""",GET,/rest/v1/knowledge_objects,200,2026-09-17T02:57:36.632000,success,GET | 200 | https://rjfnuegwzolpmzmdykfq.supabase.co/rest/v1/knowledge_objects?select=id%2Ctitle%2Csource_parent_object_id%2Csource_modified_at%2Ccontent_hash&source_id=eq.f4c083ee-e9b6-4441-b0ea-22486196b32d&source_object_id=eq.70EE5AA1D6A4DA1F%2181485&limit=2 | python-httpx/0.28.1,edge,null,[],cd0dcb8b-2822-4e50-9d86-4b1c7dfa29f4
775be400-d5bc-4566-acf6-5d7d628d6e59,"""2026-09-17T02:57:36.557Z""",GET,/rest/v1/knowledge_objects,200,2026-09-17T02:57:36.557000,success,GET | 200 | https://rjfnuegwzolpmzmdykfq.supabase.co/rest/v1/knowledge_objects?select=id%2Ctitle%2Csource_parent_object_id%2Csource_modified_at%2Ccontent_hash&source_id=eq.f4c083ee-e9b6-4441-b0ea-22486196b32d&source_object_id=eq.70EE5AA1D6A4DA1F%2181486&limit=2 | python-httpx/0.28.1,edge,null,[],cd0dcb8b-2822-4e50-9d86-4b1c7dfa29f4
08800a74-403c-4e59-ab3f-31a1bd2ef6b2,"""2026-09-17T02:57:36.482Z""",GET,/rest/v1/knowledge_objects,200,2026-09-17T02:57:36.482000,success,GET | 200 | https://rjfnuegwzolpmzmdykfq.supabase.co/rest/v1/knowledge_objects?select=id%2Ctitle%2Csource_parent_object_id%2Csource_modified_at%2Ccontent_hash&source_id=eq.f4c083ee-e9b6-4441-b0ea-22486196b32d&source_object_id=eq.70EE5AA1D6A4DA1F%2181487&limit=2 | python-httpx/0.28.1,edge,null,[],cd0dcb8b-2822-4e50-9d86-4b1c7dfa29f4
9c53f485-e27b-4802-9f8d-2e7a21472722,"""2026-09-17T02:57:36.409Z""",GET,/rest/v1/knowledge_objects,200,2026-09-17T02:57:36.409000,success,GET | 200 | https://rjfnuegwzolpmzmdykfq.supabase.co/rest/v1/knowledge_objects?select=id%2Ctitle%2Csource_parent_object_id%2Csource_modified_at%2Ccontent_hash&source_id=eq.f4c083ee-e9b6-4441-b0ea-22486196b32d&source_object_id=eq.70EE5AA1D6A4DA1F%2181488&limit=2 | python-httpx/0.28.1,edge,null,[],cd0dcb8b-2822-4e50-9d86-4b1c7dfa29f4
05784372-622b-4927-b4ce-4e2d66c4b688,"""2026-09-17T02:57:36.329Z""",GET,/rest/v1/knowledge_objects,200,2026-09-17T02:57:36.329000,success,GET | 200 | https://rjfnuegwzolpmzmdykfq.supabase.co/rest/v1/knowledge_objects?select=id%2Ctitle%2Csource_parent_object_id%2Csource_modified_at%2Ccontent_hash&source_id=eq.f4c083ee-e9b6-4441-b0ea-22486196b32d&source_object_id=eq.70EE5AA1D6A4DA1F%2181489&limit=2 | python-httpx/0.28.1,edge,null,[],cd0dcb8b-2822-4e50-9d86-4b1c7dfa29f4
0d89e3a8-a5dd-45e0-a271-3c5aaeae8470,"""2026-09-17T02:57:36.255Z""",GET,/rest/v1/knowledge_objects,200,2026-09-17T02:57:36.255000,success,GET | 200 | https://rjfnuegwzolpmzmdykfq.supabase.co/rest/v1/knowledge_objects?select=id%2Ctitle%2Csource_parent_object_id%2Csource_modified_at%2Ccontent_hash&source_id=eq.f4c083ee-e9b6-4441-b0ea-22486196b32d&source_object_id=eq.70EE5AA1D6A4DA1F%2181490&limit=2 | python-httpx/0.28.1,edge,null,[],cd0dcb8b-2822-4e50-9d86-4b1c7dfa29f4
5b3c8a69-ec10-4500-bddc-a507eb079f4b,"""2026-09-17T02:57:36.175Z""",GET,/rest/v1/knowledge_objects,200,2026-09-17T02:57:36.175000,success,GET | 200 | https://rjfnuegwzolpmzmdykfq.supabase.co/rest/v1/knowledge_objects?select=id%2Ctitle%2Csource_parent_object_id%2Csource_modified_at%2Ccontent_hash&source_id=eq.f4c083ee-e9b6-4441-b0ea-22486196b32d&source_object_id=eq.70EE5AA1D6A4DA1F%2181491&limit=2 | python-httpx/0.28.1,edge,null,[],cd0dcb8b-2822-4e50-9d86-4b1c7dfa29f4
7dbc45ed-877e-474a-8994-037125ae53af,"""2026-09-17T02:57:36.094Z""",GET,/rest/v1/knowledge_objects,200,2026-09-17T02:57:36.094000,success,GET | 200 | https://rjfnuegwzolpmzmdykfq.supabase.co/rest/v1/knowledge_objects?select=id%2Ctitle%2Csource_parent_object_id%2Csource_modified_at%2Ccontent_hash&source_id=eq.f4c083ee-e9b6-4441-b0ea-22486196b32d&source_object_id=eq.70EE5AA1D6A4DA1F%2181492&limit=2 | python-httpx/0.28.1,edge,null,[],cd0dcb8b-2822-4e50-9d86-4b1c7dfa29f4
3d055d3d-fbab-4634-b0cd-085338a7a8ab,"""2026-09-17T02:57:36.018Z""",GET,/rest/v1/knowledge_objects,200,2026-09-17T02:57:36.018000,success,GET | 200 | https://rjfnuegwzolpmzmdykfq.supabase.co/rest/v1/knowledge_objects?select=id%2Ctitle%2Csource_parent_object_id%2Csource_modified_at%2Ccontent_hash&source_id=eq.f4c083ee-e9b6-4441-b0ea-22486196b32d&source_object_id=eq.70EE5AA1D6A4DA1F%2181493&limit=2 | python-httpx/0.28.1,edge,null,[],cd0dcb8b-2822-4e50-9d86-4b1c7dfa29f4
62cef01e-65e3-4b54-94f2-ef5e61abbda0,"""2026-09-17T02:57:35.944Z""",GET,/rest/v1/knowledge_objects,200,2026-09-17T02:57:35.944000,success,GET | 200 | https://rjfnuegwzolpmzmdykfq.supabase.co/rest/v1/knowledge_objects?select=id%2Ctitle%2Csource_parent_object_id%2Csource_modified_at%2Ccontent_hash&source_id=eq.f4c083ee-e9b6-4441-b0ea-22486196b32d&source_object_id=eq.70EE5AA1D6A4DA1F%2181494&limit=2 | python-httpx/0.28.1,edge,null,[],cd0dcb8b-2822-4e50-9d86-4b1c7dfa29f4
22b929c9-747d-49a4-9cee-78edd6881922,"""2026-09-17T02:57:35.870Z""",GET,/rest/v1/knowledge_objects,200,2026-09-17T02:57:35.870000,success,GET | 200 | https://rjfnuegwzolpmzmdykfq.supabase.co/rest/v1/knowledge_objects?select=id%2Ctitle%2Csource_parent_object_id%2Csource_modified_at%2Ccontent_hash&source_id=eq.f4c083ee-e9b6-4441-b0ea-22486196b32d&source_object_id=eq.70EE5AA1D6A4DA1F%2181495&limit=2 | python-httpx/0.28.1,edge,null,[],cd0dcb8b-2822-4e50-9d86-4b1c7dfa29f4
64e57bea-71ce-4a8b-8543-7cd4d673a7c4,"""2026-09-17T02:57:35.788Z""",GET,/rest/v1/knowledge_objects,200,2026-09-17T02:57:35.788000,success,GET | 200 | https://rjfnuegwzolpmzmdykfq.supabase.co/rest/v1/knowledge_objects?select=id%2Ctitle%2Csource_parent_object_id%2Csource_modified_at%2Ccontent_hash&source_id=eq.f4c083ee-e9b6-4441-b0ea-22486196b32d&source_object_id=eq.70EE5AA1D6A4DA1F%2181496&limit=2 | python-httpx/0.28.1,edge,null,[],cd0dcb8b-2822-4e50-9d86-4b1c7dfa29f4
96dc2e76-fc33-4de9-af7e-e26df6e4ae57,"""2026-09-17T02:57:35.705Z""",GET,/rest/v1/knowledge_objects,200,2026-09-17T02:57:35.705000,success,GET | 200 | https://rjfnuegwzolpmzmdykfq.supabase.co/rest/v1/knowledge_objects?select=id%2Ctitle%2Csource_parent_object_id%2Csource_modified_at%2Ccontent_hash&source_id=eq.f4c083ee-e9b6-4441-b0ea-22486196b32d&source_object_id=eq.70EE5AA1D6A4DA1F%2181472&limit=2 | python-httpx/0.28.1,edge,null,[],cd0dcb8b-2822-4e50-9d86-4b1c7dfa29f4
fb369cf6-b0c0-4a25-b744-42a0be29bf29,"""2026-09-17T02:57:35.627Z""",GET,/rest/v1/knowledge_objects,200,2026-09-17T02:57:35.627000,success,GET | 200 | https://rjfnuegwzolpmzmdykfq.supabase.co/rest/v1/knowledge_objects?select=id%2Ctitle%2Csource_parent_object_id%2Csource_modified_at%2Ccontent_hash&source_id=eq.f4c083ee-e9b6-4441-b0ea-22486196b32d&source_object_id=eq.70EE5AA1D6A4DA1F%2181473&limit=2 | python-httpx/0.28.1,edge,null,[],cd0dcb8b-2822-4e50-9d86-4b1c7dfa29f4
8c63dfa6-9fe3-4dd0-9c11-309ac7a7c6ca,"""2026-09-17T02:57:35.546Z""",GET,/rest/v1/knowledge_objects,200,2026-09-17T02:57:35.546000,success,GET | 200 | https://rjfnuegwzolpmzmdykfq.supabase.co/rest/v1/knowledge_objects?select=id%2Ctitle%2Csource_parent_object_id%2Csource_modified_at%2Ccontent_hash&source_id=eq.f4c083ee-e9b6-4441-b0ea-22486196b32d&source_object_id=eq.70EE5AA1D6A4DA1F%2181474&limit=2 | python-httpx/0.28.1,edge,null,[],cd0dcb8b-2822-4e50-9d86-4b1c7dfa29f4
131c593c-7f19-453e-89f5-a62f2644a53b,"""2026-09-17T02:57:35.462Z""",GET,/rest/v1/knowledge_objects,200,2026-09-17T02:57:35.462000,success,GET | 200 | https://rjfnuegwzolpmzmdykfq.supabase.co/rest/v1/knowledge_objects?select=id%2Ctitle%2Csource_parent_object_id%2Csource_modified_at%2Ccontent_hash&source_id=eq.f4c083ee-e9b6-4441-b0ea-22486196b32d&source_object_id=eq.70EE5AA1D6A4DA1F%2181475&limit=2 | python-httpx/0.28.1,edge,null,[],cd0dcb8b-2822-4e50-9d86-4b1c7dfa29f4
434fd73c-e7e0-43fe-bc58-4f84ceef8505,"""2026-09-17T02:57:35.383Z""",GET,/rest/v1/knowledge_objects,200,2026-09-17T02:57:35.383000,success,GET | 200 | https://rjfnuegwzolpmzmdykfq.supabase.co/rest/v1/knowledge_objects?select=id%2Ctitle%2Csource_parent_object_id%2Csource_modified_at%2Ccontent_hash&source_id=eq.f4c083ee-e9b6-4441-b0ea-22486196b32d&source_object_id=eq.70EE5AA1D6A4DA1F%2181552&limit=2 | python-httpx/0.28.1,edge,null,[],cd0dcb8b-2822-4e50-9d86-4b1c7dfa29f4
640d0586-eb50-40d6-8e27-891d1901e8f0,"""2026-09-17T02:57:35.296Z""",GET,/rest/v1/knowledge_objects,200,2026-09-17T02:57:35.296000,success,GET | 200 | https://rjfnuegwzolpmzmdykfq.supabase.co/rest/v1/knowledge_objects?select=id%2Ctitle%2Csource_parent_object_id%2Csource_modified_at%2Ccontent_hash&source_id=eq.f4c083ee-e9b6-4441-b0ea-22486196b32d&source_object_id=eq.70EE5AA1D6A4DA1F%2181553&limit=2 | python-httpx/0.28.1,edge,null,[],cd0dcb8b-2822-4e50-9d86-4b1c7dfa29f4
d0562f68-a304-462c-9d5b-1c8698bf9a65,"""2026-09-17T02:57:35.219Z""",GET,/rest/v1/knowledge_objects,200,2026-09-17T02:57:35.219000,success,GET | 200 | https://rjfnuegwzolpmzmdykfq.supabase.co/rest/v1/knowledge_objects?select=id%2Ctitle%2Csource_parent_object_id%2Csource_modified_at%2Ccontent_hash&source_id=eq.f4c083ee-e9b6-4441-b0ea-22486196b32d&source_object_id=eq.70EE5AA1D6A4DA1F%2181554&limit=2 | python-httpx/0.28.1,edge,null,[],cd0dcb8b-2822-4e50-9d86-4b1c7dfa29f4
dd0032f5-36d4-405a-a732-754bcd521de4,"""2026-09-17T02:57:35.136Z""",GET,/rest/v1/knowledge_objects,200,2026-09-17T02:57:35.136000,success,GET | 200 | https://rjfnuegwzolpmzmdykfq.supabase.co/rest/v1/knowledge_objects?select=id%2Ctitle%2Csource_parent_object_id%2Csource_modified_at%2Ccontent_hash&source_id=eq.f4c083ee-e9b6-4441-b0ea-22486196b32d&source_object_id=eq.70EE5AA1D6A4DA1F%2181555&limit=2 | python-httpx/0.28.1,edge,null,[],cd0dcb8b-2822-4e50-9d86-4b1c7dfa29f4
fe6367c6-f290-404c-8af4-b3513669b976,"""2026-09-17T02:57:35.058Z""",GET,/rest/v1/knowledge_objects,200,2026-09-17T02:57:35.058000,success,GET | 200 | https://rjfnuegwzolpmzmdykfq.supabase.co/rest/v1/knowledge_objects?select=id%2Ctitle%2Csource_parent_object_id%2Csource_modified_at%2Ccontent_hash&source_id=eq.f4c083ee-e9b6-4441-b0ea-22486196b32d&source_object_id=eq.70EE5AA1D6A4DA1F%2181556&limit=2 | python-httpx/0.28.1,edge,null,[],cd0dcb8b-2822-4e50-9d86-4b1c7dfa29f4
bbb93c2b-a7d0-45e8-8106-fc76f840303e,"""2026-09-17T02:57:34.962Z""",GET,/rest/v1/knowledge_objects,200,2026-09-17T02:57:34.962000,success,GET | 200 | https://rjfnuegwzolpmzmdykfq.supabase.co/rest/v1/knowledge_objects?select=id%2Ctitle%2Csource_parent_object_id%2Csource_modified_at%2Ccontent_hash&source_id=eq.f4c083ee-e9b6-4441-b0ea-22486196b32d&source_object_id=eq.70EE5AA1D6A4DA1F%2181557&limit=2 | python-httpx/0.28.1,edge,null,[],cd0dcb8b-2822-4e50-9d86-4b1c7dfa29f4
95e18a53-4c08-4d06-a3e1-6ed5ea42651b,"""2026-09-17T02:57:34.879Z""",GET,/rest/v1/knowledge_objects,200,2026-09-17T02:57:34.879000,success,GET | 200 | https://rjfnuegwzolpmzmdykfq.supabase.co/rest/v1/knowledge_objects?select=id%2Ctitle%2Csource_parent_object_id%2Csource_modified_at%2Ccontent_hash&source_id=eq.f4c083ee-e9b6-4441-b0ea-22486196b32d&source_object_id=eq.70EE5AA1D6A4DA1F%2181558&limit=2 | python-httpx/0.28.1,edge,null,[],cd0dcb8b-2822-4e50-9d86-4b1c7dfa29f4
964d8338-922e-426f-9b30-1cfc036f788c,"""2026-09-17T02:57:34.801Z""",GET,/rest/v1/knowledge_objects,200,2026-09-17T02:57:34.801000,success,GET | 200 | https://rjfnuegwzolpmzmdykfq.supabase.co/rest/v1/knowledge_objects?select=id%2Ctitle%2Csource_parent_object_id%2Csource_modified_at%2Ccontent_hash&source_id=eq.f4c083ee-e9b6-4441-b0ea-22486196b32d&source_object_id=eq.70EE5AA1D6A4DA1F%2181559&limit=2 | python-httpx/0.28.1,edge,null,[],cd0dcb8b-2822-4e50-9d86-4b1c7dfa29f4
06e1890f-2467-4214-b266-7d709fcaa1c0,"""2026-09-17T02:57:34.726Z""",GET,/rest/v1/knowledge_objects,200,2026-09-17T02:57:34.726000,success,GET | 200 | https://rjfnuegwzolpmzmdykfq.supabase.co/rest/v1/knowledge_objects?select=id%2Ctitle%2Csource_parent_object_id%2Csource_modified_at%2Ccontent_hash&source_id=eq.f4c083ee-e9b6-4441-b0ea-22486196b32d&source_object_id=eq.70EE5AA1D6A4DA1F%2181560&limit=2 | python-httpx/0.28.1,edge,null,[],cd0dcb8b-2822-4e50-9d86-4b1c7dfa29f4
04aa3186-8656-4045-afe5-2892fc0c6805,"""2026-09-17T02:57:34.651Z""",GET,/rest/v1/knowledge_objects,200,2026-09-17T02:57:34.651000,success,GET | 200 | https://rjfnuegwzolpmzmdykfq.supabase.co/rest/v1/knowledge_objects?select=id%2Ctitle%2Csource_parent_object_id%2Csource_modified_at%2Ccontent_hash&source_id=eq.f4c083ee-e9b6-4441-b0ea-22486196b32d&source_object_id=eq.70EE5AA1D6A4DA1F%2181561&limit=2 | python-httpx/0.28.1,edge,null,[],cd0dcb8b-2822-4e50-9d86-4b1c7dfa29f4
4df171fa-5035-4de6-be63-3bfedc64985b,"""2026-09-17T02:57:34.577Z""",GET,/rest/v1/knowledge_objects,200,2026-09-17T02:57:34.577000,success,GET | 200 | https://rjfnuegwzolpmzmdykfq.supabase.co/rest/v1/knowledge_objects?select=id%2Ctitle%2Csource_parent_object_id%2Csource_modified_at%2Ccontent_hash&source_id=eq.f4c083ee-e9b6-4441-b0ea-22486196b32d&source_object_id=eq.70EE5AA1D6A4DA1F%2181562&limit=2 | python-httpx/0.28.1,edge,null,[],cd0dcb8b-2822-4e50-9d86-4b1c7dfa29f4
2e0d43d0-0ed9-40a1-97ce-94a7ea645def,"""2026-09-17T02:57:34.495Z""",GET,/rest/v1/knowledge_objects,200,2026-09-17T02:57:34.495000,success,GET | 200 | https://rjfnuegwzolpmzmdykfq.supabase.co/rest/v1/knowledge_objects?select=id%2Ctitle%2Csource_parent_object_id%2Csource_modified_at%2Ccontent_hash&source_id=eq.f4c083ee-e9b6-4441-b0ea-22486196b32d&source_object_id=eq.70EE5AA1D6A4DA1F%2181563&limit=2 | python-httpx/0.28.1,edge,null,[],cd0dcb8b-2822-4e50-9d86-4b1c7dfa29f4
86cfee43-d12e-4745-8dd4-fe7633ad534a,"""2026-09-17T02:57:34.419Z""",GET,/rest/v1/knowledge_objects,200,2026-09-17T02:57:34.419000,success,GET | 200 | https://rjfnuegwzolpmzmdykfq.supabase.co/rest/v1/knowledge_objects?select=id%2Ctitle%2Csource_parent_object_id%2Csource_modified_at%2Ccontent_hash&source_id=eq.f4c083ee-e9b6-4441-b0ea-22486196b32d&source_object_id=eq.70EE5AA1D6A4DA1F%2181564&limit=2 | python-httpx/0.28.1,edge,null,[],cd0dcb8b-2822-4e50-9d86-4b1c7dfa29f4
256d6b65-4d43-4877-878b-a178d5dfbadd,"""2026-09-17T02:57:34.344Z""",GET,/rest/v1/knowledge_objects,200,2026-09-17T02:57:34.344000,success,GET | 200 | https://rjfnuegwzolpmzmdykfq.supabase.co/rest/v1/knowledge_objects?select=id%2Ctitle%2Csource_parent_object_id%2Csource_modified_at%2Ccontent_hash&source_id=eq.f4c083ee-e9b6-4441-b0ea-22486196b32d&source_object_id=eq.70EE5AA1D6A4DA1F%2181565&limit=2 | python-httpx/0.28.1,edge,null,[],cd0dcb8b-2822-4e50-9d86-4b1c7dfa29f4
036f9a8c-80f1-498e-a186-82694b4f0b5a,"""2026-09-17T02:57:34.267Z""",GET,/rest/v1/knowledge_objects,200,2026-09-17T02:57:34.267000,success,GET | 200 | https://rjfnuegwzolpmzmdykfq.supabase.co/rest/v1/knowledge_objects?select=id%2Ctitle%2Csource_parent_object_id%2Csource_modified_at%2Ccontent_hash&source_id=eq.f4c083ee-e9b6-4441-b0ea-22486196b32d&source_object_id=eq.70EE5AA1D6A4DA1F%2181566&limit=2 | python-httpx/0.28.1,edge,null,[],cd0dcb8b-2822-4e50-9d86-4b1c7dfa29f4
4189518f-09e6-482b-9dc3-199e85740762,"""2026-09-17T02:57:34.187Z""",GET,/rest/v1/knowledge_objects,200,2026-09-17T02:57:34.187000,success,GET | 200 | https://rjfnuegwzolpmzmdykfq.supabase.co/rest/v1/knowledge_objects?select=id%2Ctitle%2Csource_parent_object_id%2Csource_modified_at%2Ccontent_hash&source_id=eq.f4c083ee-e9b6-4441-b0ea-22486196b32d&source_object_id=eq.70EE5AA1D6A4DA1F%2181567&limit=2 | python-httpx/0.28.1,edge,null,[],cd0dcb8b-2822-4e50-9d86-4b1c7dfa29f4
2249e6ce-8cc6-4ed1-a337-bc306b63642f,"""2026-09-17T02:57:34.109Z""",GET,/rest/v1/knowledge_objects,200,2026-09-17T02:57:34.109000,success,GET | 200 | https://rjfnuegwzolpmzmdykfq.supabase.co/rest/v1/knowledge_objects?select=id%2Ctitle%2Csource_parent_object_id%2Csource_modified_at%2Ccontent_hash&source_id=eq.f4c083ee-e9b6-4441-b0ea-22486196b32d&source_object_id=eq.70EE5AA1D6A4DA1F%2181568&limit=2 | python-httpx/0.28.1,edge,null,[],cd0dcb8b-2822-4e50-9d86-4b1c7dfa29f4
ff7748fb-1ab9-4d1d-a8b8-ab2447f1cc7e,"""2026-09-17T02:57:34.034Z""",GET,/rest/v1/knowledge_objects,200,2026-09-17T02:57:34.034000,success,GET | 200 | https://rjfnuegwzolpmzmdykfq.supabase.co/rest/v1/knowledge_objects?select=id%2Ctitle%2Csource_parent_object_id%2Csource_modified_at%2Ccontent_hash&source_id=eq.f4c083ee-e9b6-4441-b0ea-22486196b32d&source_object_id=eq.70EE5AA1D6A4DA1F%2181569&limit=2 | python-httpx/0.28.1,edge,null,[],cd0dcb8b-2822-4e50-9d86-4b1c7dfa29f4
e0bd349d-2be9-4be9-b022-da01f2aac66d,"""2026-09-17T02:57:33.948Z""",GET,/rest/v1/knowledge_objects,200,2026-09-17T02:57:33.948000,success,GET | 200 | https://rjfnuegwzolpmzmdykfq.supabase.co/rest/v1/knowledge_objects?select=id%2Ctitle%2Csource_parent_object_id%2Csource_modified_at%2Ccontent_hash&source_id=eq.f4c083ee-e9b6-4441-b0ea-22486196b32d&source_object_id=eq.70EE5AA1D6A4DA1F%2181570&limit=2 | python-httpx/0.28.1,edge,null,[],cd0dcb8b-2822-4e50-9d86-4b1c7dfa29f4
16ace949-e088-40ce-9dce-7c409c3cbb66,"""2026-09-17T02:57:33.874Z""",GET,/rest/v1/knowledge_objects,200,2026-09-17T02:57:33.874000,success,GET | 200 | https://rjfnuegwzolpmzmdykfq.supabase.co/rest/v1/knowledge_objects?select=id%2Ctitle%2Csource_parent_object_id%2Csource_modified_at%2Ccontent_hash&source_id=eq.f4c083ee-e9b6-4441-b0ea-22486196b32d&source_object_id=eq.70EE5AA1D6A4DA1F%2181571&limit=2 | python-httpx/0.28.1,edge,null,[],cd0dcb8b-2822-4e50-9d86-4b1c7dfa29f4
0115d6da-a8de-4910-b0d9-c5fada2c9fc6,"""2026-09-17T02:57:33.799Z""",GET,/rest/v1/knowledge_objects,200,2026-09-17T02:57:33.799000,success,GET | 200 | https://rjfnuegwzolpmzmdykfq.supabase.co/rest/v1/knowledge_objects?select=id%2Ctitle%2Csource_parent_object_id%2Csource_modified_at%2Ccontent_hash&source_id=eq.f4c083ee-e9b6-4441-b0ea-22486196b32d&source_object_id=eq.70EE5AA1D6A4DA1F%2181572&limit=2 | python-httpx/0.28.1,edge,null,[],cd0dcb8b-2822-4e50-9d86-4b1c7dfa29f4
1f3f9f30-f409-4a39-9aee-1719b71893f6,"""2026-09-17T02:57:33.718Z""",GET,/rest/v1/knowledge_objects,200,2026-09-17T02:57:33.718000,success,GET | 200 | https://rjfnuegwzolpmzmdykfq.supabase.co/rest/v1/knowledge_objects?select=id%2Ctitle%2Csource_parent_object_id%2Csource_modified_at%2Ccontent_hash&source_id=eq.f4c083ee-e9b6-4441-b0ea-22486196b32d&source_object_id=eq.70EE5AA1D6A4DA1F%2181580&limit=2 | python-httpx/0.28.1,edge,null,[],cd0dcb8b-2822-4e50-9d86-4b1c7dfa29f4
0c71a481-7e09-4060-941d-368fe51773b5,"""2026-09-17T02:57:33.644Z""",GET,/rest/v1/knowledge_objects,200,2026-09-17T02:57:33.644000,success,GET | 200 | https://rjfnuegwzolpmzmdykfq.supabase.co/rest/v1/knowledge_objects?select=id%2Ctitle%2Csource_parent_object_id%2Csource_modified_at%2Ccontent_hash&source_id=eq.f4c083ee-e9b6-4441-b0ea-22486196b32d&source_object_id=eq.70EE5AA1D6A4DA1F%2181573&limit=2 | python-httpx/0.28.1,edge,null,[],cd0dcb8b-2822-4e50-9d86-4b1c7dfa29f4
0243462e-fc46-45c8-ae14-944216481500,"""2026-09-17T02:57:33.562Z""",GET,/rest/v1/knowledge_objects,200,2026-09-17T02:57:33.562000,success,GET | 200 | https://rjfnuegwzolpmzmdykfq.supabase.co/rest/v1/knowledge_objects?select=id%2Ctitle%2Csource_parent_object_id%2Csource_modified_at%2Ccontent_hash&source_id=eq.f4c083ee-e9b6-4441-b0ea-22486196b32d&source_object_id=eq.70EE5AA1D6A4DA1F%2181574&limit=2 | python-httpx/0.28.1,edge,null,[],cd0dcb8b-2822-4e50-9d86-4b1c7dfa29f4
365b7959-70d5-463a-8d36-61efa228bdd9,"""2026-09-17T02:57:33.485Z""",GET,/rest/v1/knowledge_objects,200,2026-09-17T02:57:33.485000,success,GET | 200 | https://rjfnuegwzolpmzmdykfq.supabase.co/rest/v1/knowledge_objects?select=id%2Ctitle%2Csource_parent_object_id%2Csource_modified_at%2Ccontent_hash&source_id=eq.f4c083ee-e9b6-4441-b0ea-22486196b32d&source_object_id=eq.70EE5AA1D6A4DA1F%2181575&limit=2 | python-httpx/0.28.1,edge,null,[],cd0dcb8b-2822-4e50-9d86-4b1c7dfa29f4
a4b91b0f-0328-4045-8268-2a7853595d67,"""2026-09-17T02:57:33.409Z""",GET,/rest/v1/knowledge_objects,200,2026-09-17T02:57:33.409000,success,GET | 200 | https://rjfnuegwzolpmzmdykfq.supabase.co/rest/v1/knowledge_objects?select=id%2Ctitle%2Csource_parent_object_id%2Csource_modified_at%2Ccontent_hash&source_id=eq.f4c083ee-e9b6-4441-b0ea-22486196b32d&source_object_id=eq.70EE5AA1D6A4DA1F%2181576&limit=2 | python-httpx/0.28.1,edge,null,[],cd0dcb8b-2822-4e50-9d86-4b1c7dfa29f4
fc5a8543-7e10-4bf4-875c-b010834174e1,"""2026-09-17T02:57:33.331Z""",GET,/rest/v1/knowledge_objects,200,2026-09-17T02:57:33.331000,success,GET | 200 | https://rjfnuegwzolpmzmdykfq.supabase.co/rest/v1/knowledge_objects?select=id%2Ctitle%2Csource_parent_object_id%2Csource_modified_at%2Ccontent_hash&source_id=eq.f4c083ee-e9b6-4441-b0ea-22486196b32d&source_object_id=eq.70EE5AA1D6A4DA1F%2181577&limit=2 | python-httpx/0.28.1,edge,null,[],cd0dcb8b-2822-4e50-9d86-4b1c7dfa29f4
6eb57d1f-5885-4718-91c1-585c411081bb,"""2026-09-17T02:57:33.255Z""",GET,/rest/v1/knowledge_objects,200,2026-09-17T02:57:33.255000,success,GET | 200 | https://rjfnuegwzolpmzmdykfq.supabase.co/rest/v1/knowledge_objects?select=id%2Ctitle%2Csource_parent_object_id%2Csource_modified_at%2Ccontent_hash&source_id=eq.f4c083ee-e9b6-4441-b0ea-22486196b32d&source_object_id=eq.70EE5AA1D6A4DA1F%2181578&limit=2 | python-httpx/0.28.1,edge,null,[],cd0dcb8b-2822-4e50-9d86-4b1c7dfa29f4
960ecd20-29a9-454f-9f16-3538e93961dc,"""2026-09-17T02:57:33.181Z""",GET,/rest/v1/knowledge_objects,200,2026-09-17T02:57:33.181000,success,GET | 200 | https://rjfnuegwzolpmzmdykfq.supabase.co/rest/v1/knowledge_objects?select=id%2Ctitle%2Csource_parent_object_id%2Csource_modified_at%2Ccontent_hash&source_id=eq.f4c083ee-e9b6-4441-b0ea-22486196b32d&source_object_id=eq.70EE5AA1D6A4DA1F%2181579&limit=2 | python-httpx/0.28.1,edge,null,[],cd0dcb8b-2822-4e50-9d86-4b1c7dfa29f4
a99c5ab1-39d6-4d0d-aa0b-ce05338fe76b,"""2026-09-17T02:57:33.104Z""",GET,/rest/v1/knowledge_objects,200,2026-09-17T02:57:33.104000,success,GET | 200 | https://rjfnuegwzolpmzmdykfq.supabase.co/rest/v1/knowledge_objects?select=id%2Ctitle%2Csource_parent_object_id%2Csource_modified_at%2Ccontent_hash&source_id=eq.f4c083ee-e9b6-4441-b0ea-22486196b32d&source_object_id=eq.70EE5AA1D6A4DA1F%2181581&limit=2 | python-httpx/0.28.1,edge,null,[],cd0dcb8b-2822-4e50-9d86-4b1c7dfa29f4
249b1bb5-a679-4e9b-b862-b9cd5465cb46,"""2026-09-17T02:57:33.026Z""",GET,/rest/v1/knowledge_objects,200,2026-09-17T02:57:33.026000,success,GET | 200 | https://rjfnuegwzolpmzmdykfq.supabase.co/rest/v1/knowledge_objects?select=id%2Ctitle%2Csource_parent_object_id%2Csource_modified_at%2Ccontent_hash&source_id=eq.f4c083ee-e9b6-4441-b0ea-22486196b32d&source_object_id=eq.70EE5AA1D6A4DA1F%2181582&limit=2 | python-httpx/0.28.1,edge,null,[],cd0dcb8b-2822-4e50-9d86-4b1c7dfa29f4
14c751f2-208e-49df-b628-4edce1b0a482,"""2026-09-17T02:57:32.948Z""",GET,/rest/v1/knowledge_objects,200,2026-09-17T02:57:32.948000,success,GET | 200 | https://rjfnuegwzolpmzmdykfq.supabase.co/rest/v1/knowledge_objects?select=id%2Ctitle%2Csource_parent_object_id%2Csource_modified_at%2Ccontent_hash&source_id=eq.f4c083ee-e9b6-4441-b0ea-22486196b32d&source_object_id=eq.70EE5AA1D6A4DA1F%2181500&limit=2 | python-httpx/0.28.1,edge,null,[],cd0dcb8b-2822-4e50-9d86-4b1c7dfa29f4
d9175dd9-8164-4346-90a3-71379ee8c356,"""2026-09-17T02:57:32.870Z""",GET,/rest/v1/knowledge_objects,200,2026-09-17T02:57:32.870000,success,GET | 200 | https://rjfnuegwzolpmzmdykfq.supabase.co/rest/v1/knowledge_objects?select=id%2Ctitle%2Csource_parent_object_id%2Csource_modified_at%2Ccontent_hash&source_id=eq.f4c083ee-e9b6-4441-b0ea-22486196b32d&source_object_id=eq.70EE5AA1D6A4DA1F%2181497&limit=2 | python-httpx/0.28.1,edge,null,[],cd0dcb8b-2822-4e50-9d86-4b1c7dfa29f4
1ddb3fff-4055-49c0-a11d-f0510ff24b02,"""2026-09-17T02:57:32.788Z""",GET,/rest/v1/knowledge_objects,200,2026-09-17T02:57:32.788000,success,GET | 200 | https://rjfnuegwzolpmzmdykfq.supabase.co/rest/v1/knowledge_objects?select=id%2Ctitle%2Csource_parent_object_id%2Csource_modified_at%2Ccontent_hash&source_id=eq.f4c083ee-e9b6-4441-b0ea-22486196b32d&source_object_id=eq.70EE5AA1D6A4DA1F%2181498&limit=2 | python-httpx/0.28.1,edge,null,[],cd0dcb8b-2822-4e50-9d86-4b1c7dfa29f4
78f67244-a96f-43f2-a6e4-b3fdc4d5e365,"""2026-09-17T02:57:32.714Z""",GET,/rest/v1/knowledge_objects,200,2026-09-17T02:57:32.714000,success,GET | 200 | https://rjfnuegwzolpmzmdykfq.supabase.co/rest/v1/knowledge_objects?select=id%2Ctitle%2Csource_parent_object_id%2Csource_modified_at%2Ccontent_hash&source_id=eq.f4c083ee-e9b6-4441-b0ea-22486196b32d&source_object_id=eq.70EE5AA1D6A4DA1F%2181499&limit=2 | python-httpx/0.28.1,edge,null,[],cd0dcb8b-2822-4e50-9d86-4b1c7dfa29f4
af799ae3-26f6-4e51-a31c-7999fd58542f,"""2026-09-17T02:57:32.640Z""",GET,/rest/v1/knowledge_objects,200,2026-09-17T02:57:32.640000,success,GET | 200 | https://rjfnuegwzolpmzmdykfq.supabase.co/rest/v1/knowledge_objects?select=id%2Ctitle%2Csource_parent_object_id%2Csource_modified_at%2Ccontent_hash&source_id=eq.f4c083ee-e9b6-4441-b0ea-22486196b32d&source_object_id=eq.70EE5AA1D6A4DA1F%2181501&limit=2 | python-httpx/0.28.1,edge,null,[],cd0dcb8b-2822-4e50-9d86-4b1c7dfa29f4
8a974c19-70b4-4417-80e7-f71f667b5b3f,"""2026-09-17T02:57:32.556Z""",GET,/rest/v1/knowledge_objects,200,2026-09-17T02:57:32.556000,success,GET | 200 | https://rjfnuegwzolpmzmdykfq.supabase.co/rest/v1/knowledge_objects?select=id%2Ctitle%2Csource_parent_object_id%2Csource_modified_at%2Ccontent_hash&source_id=eq.f4c083ee-e9b6-4441-b0ea-22486196b32d&source_object_id=eq.70EE5AA1D6A4DA1F%2181502&limit=2 | python-httpx/0.28.1,edge,null,[],cd0dcb8b-2822-4e50-9d86-4b1c7dfa29f4
302a7e42-328a-4a90-9916-51fd52fe4e5e,"""2026-09-17T02:57:32.478Z""",GET,/rest/v1/knowledge_objects,200,2026-09-17T02:57:32.478000,success,GET | 200 | https://rjfnuegwzolpmzmdykfq.supabase.co/rest/v1/knowledge_objects?select=id%2Ctitle%2Csource_parent_object_id%2Csource_modified_at%2Ccontent_hash&source_id=eq.f4c083ee-e9b6-4441-b0ea-22486196b32d&source_object_id=eq.70EE5AA1D6A4DA1F%2181503&limit=2 | python-httpx/0.28.1,edge,null,[],cd0dcb8b-2822-4e50-9d86-4b1c7dfa29f4
fbb34ba6-82cf-47c2-afc3-63b8f3fc2bf7,"""2026-09-17T02:57:32.392Z""",GET,/rest/v1/knowledge_objects,200,2026-09-17T02:57:32.392000,success,GET | 200 | https://rjfnuegwzolpmzmdykfq.supabase.co/rest/v1/knowledge_objects?select=id%2Ctitle%2Csource_parent_object_id%2Csource_modified_at%2Ccontent_hash&source_id=eq.f4c083ee-e9b6-4441-b0ea-22486196b32d&source_object_id=eq.70EE5AA1D6A4DA1F%2181504&limit=2 | python-httpx/0.28.1,edge,null,[],cd0dcb8b-2822-4e50-9d86-4b1c7dfa29f4
fdddd298-a364-4ad4-9217-a296d3a7435b,"""2026-09-17T02:57:32.308Z""",GET,/rest/v1/knowledge_objects,200,2026-09-17T02:57:32.308000,success,GET | 200 | https://rjfnuegwzolpmzmdykfq.supabase.co/rest/v1/knowledge_objects?select=id%2Ctitle%2Csource_parent_object_id%2Csource_modified_at%2Ccontent_hash&source_id=eq.f4c083ee-e9b6-4441-b0ea-22486196b32d&source_object_id=eq.70EE5AA1D6A4DA1F%2181505&limit=2 | python-httpx/0.28.1,edge,null,[],cd0dcb8b-2822-4e50-9d86-4b1c7dfa29f4
b30bdc4c-7908-4955-b8fc-3f9b7f167606,"""2026-09-17T02:57:32.228Z""",GET,/rest/v1/knowledge_objects,200,2026-09-17T02:57:32.228000,success,GET | 200 | https://rjfnuegwzolpmzmdykfq.supabase.co/rest/v1/knowledge_objects?select=id%2Ctitle%2Csource_parent_object_id%2Csource_modified_at%2Ccontent_hash&source_id=eq.f4c083ee-e9b6-4441-b0ea-22486196b32d&source_object_id=eq.70EE5AA1D6A4DA1F%2181506&limit=2 | python-httpx/0.28.1,edge,null,[],cd0dcb8b-2822-4e50-9d86-4b1c7dfa29f4
c727bd5a-85e1-40e4-bd01-b8a4c2636e93,"""2026-09-17T02:57:32.150Z""",GET,/rest/v1/knowledge_objects,200,2026-09-17T02:57:32.150000,success,GET | 200 | https://rjfnuegwzolpmzmdykfq.supabase.co/rest/v1/knowledge_objects?select=id%2Ctitle%2Csource_parent_object_id%2Csource_modified_at%2Ccontent_hash&source_id=eq.f4c083ee-e9b6-4441-b0ea-22486196b32d&source_object_id=eq.70EE5AA1D6A4DA1F%2181507&limit=2 | python-httpx/0.28.1,edge,null,[],cd0dcb8b-2822-4e50-9d86-4b1c7dfa29f4
93909d93-1a55-46b7-8952-57eb68e243cc,"""2026-09-17T02:57:32.078Z""",GET,/rest/v1/knowledge_objects,200,2026-09-17T02:57:32.078000,success,GET | 200 | https://rjfnuegwzolpmzmdykfq.supabase.co/rest/v1/knowledge_objects?select=id%2Ctitle%2Csource_parent_object_id%2Csource_modified_at%2Ccontent_hash&source_id=eq.f4c083ee-e9b6-4441-b0ea-22486196b32d&source_object_id=eq.70EE5AA1D6A4DA1F%2181509&limit=2 | python-httpx/0.28.1,edge,null,[],cd0dcb8b-2822-4e50-9d86-4b1c7dfa29f4
a9178ddc-ecab-416e-a8e6-4b3b62937358,"""2026-09-17T02:57:32.005Z""",GET,/rest/v1/knowledge_objects,200,2026-09-17T02:57:32.005000,success,GET | 200 | https://rjfnuegwzolpmzmdykfq.supabase.co/rest/v1/knowledge_objects?select=id%2Ctitle%2Csource_parent_object_id%2Csource_modified_at%2Ccontent_hash&source_id=eq.f4c083ee-e9b6-4441-b0ea-22486196b32d&source_object_id=eq.70EE5AA1D6A4DA1F%2181508&limit=2 | python-httpx/0.28.1,edge,null,[],cd0dcb8b-2822-4e50-9d86-4b1c7dfa29f4
ba78f487-69d8-4205-b7e8-2b799bedd90d,"""2026-09-17T02:57:31.931Z""",GET,/rest/v1/knowledge_objects,200,2026-09-17T02:57:31.931000,success,GET | 200 | https://rjfnuegwzolpmzmdykfq.supabase.co/rest/v1/knowledge_objects?select=id%2Ctitle%2Csource_parent_object_id%2Csource_modified_at%2Ccontent_hash&source_id=eq.f4c083ee-e9b6-4441-b0ea-22486196b32d&source_object_id=eq.70EE5AA1D6A4DA1F%2181476&limit=2 | python-httpx/0.28.1,edge,null,[],cd0dcb8b-2822-4e50-9d86-4b1c7dfa29f4
deaee1d4-164c-4647-aa10-cc9b68107ad1,"""2026-09-17T02:57:31.854Z""",GET,/rest/v1/knowledge_objects,200,2026-09-17T02:57:31.854000,success,GET | 200 | https://rjfnuegwzolpmzmdykfq.supabase.co/rest/v1/knowledge_objects?select=id%2Ctitle%2Csource_parent_object_id%2Csource_modified_at%2Ccontent_hash&source_id=eq.f4c083ee-e9b6-4441-b0ea-22486196b32d&source_object_id=eq.70EE5AA1D6A4DA1F%2181477&limit=2 | python-httpx/0.28.1,edge,null,[],cd0dcb8b-2822-4e50-9d86-4b1c7dfa29f4
5c5665bc-fcf3-4824-babe-ccbea8361025,"""2026-09-17T02:57:31.779Z""",GET,/rest/v1/knowledge_objects,200,2026-09-17T02:57:31.779000,success,GET | 200 | https://rjfnuegwzolpmzmdykfq.supabase.co/rest/v1/knowledge_objects?select=id%2Ctitle%2Csource_parent_object_id%2Csource_modified_at%2Ccontent_hash&source_id=eq.f4c083ee-e9b6-4441-b0ea-22486196b32d&source_object_id=eq.70EE5AA1D6A4DA1F%2181478&limit=2 | python-httpx/0.28.1,edge,null,[],cd0dcb8b-2822-4e50-9d86-4b1c7dfa29f4
d600eb11-3586-4f8b-9216-aad3c6e33d2d,"""2026-09-17T02:57:31.701Z""",GET,/rest/v1/knowledge_objects,200,2026-09-17T02:57:31.701000,success,GET | 200 | https://rjfnuegwzolpmzmdykfq.supabase.co/rest/v1/knowledge_objects?select=id%2Ctitle%2Csource_parent_object_id%2Csource_modified_at%2Ccontent_hash&source_id=eq.f4c083ee-e9b6-4441-b0ea-22486196b32d&source_object_id=eq.70EE5AA1D6A4DA1F%2181479&limit=2 | python-httpx/0.28.1,edge,null,[],cd0dcb8b-2822-4e50-9d86-4b1c7dfa29f4
b3545ca7-028a-4e56-95f5-f68a42ac36b4,"""2026-09-17T02:57:31.627Z""",GET,/rest/v1/knowledge_objects,200,2026-09-17T02:57:31.627000,success,GET | 200 | https://rjfnuegwzolpmzmdykfq.supabase.co/rest/v1/knowledge_objects?select=id%2Ctitle%2Csource_parent_object_id%2Csource_modified_at%2Ccontent_hash&source_id=eq.f4c083ee-e9b6-4441-b0ea-22486196b32d&source_object_id=eq.70EE5AA1D6A4DA1F%2181583&limit=2 | python-httpx/0.28.1,edge,null,[],cd0dcb8b-2822-4e50-9d86-4b1c7dfa29f4
025f02be-43bd-4911-ae40-1ccae1c0b364,"""2026-09-17T02:57:31.549Z""",GET,/rest/v1/knowledge_objects,200,2026-09-17T02:57:31.549000,success,GET | 200 | https://rjfnuegwzolpmzmdykfq.supabase.co/rest/v1/knowledge_objects?select=id%2Ctitle%2Csource_parent_object_id%2Csource_modified_at%2Ccontent_hash&source_id=eq.f4c083ee-e9b6-4441-b0ea-22486196b32d&source_object_id=eq.70EE5AA1D6A4DA1F%2181584&limit=2 | python-httpx/0.28.1,edge,null,[],cd0dcb8b-2822-4e50-9d86-4b1c7dfa29f4
1c444975-0af3-4750-9835-d1a17f0b943d,"""2026-09-17T02:57:31.475Z""",GET,/rest/v1/knowledge_objects,200,2026-09-17T02:57:31.475000,success,GET | 200 | https://rjfnuegwzolpmzmdykfq.supabase.co/rest/v1/knowledge_objects?select=id%2Ctitle%2Csource_parent_object_id%2Csource_modified_at%2Ccontent_hash&source_id=eq.f4c083ee-e9b6-4441-b0ea-22486196b32d&source_object_id=eq.70EE5AA1D6A4DA1F%2181585&limit=2 | python-httpx/0.28.1,edge,null,[],cd0dcb8b-2822-4e50-9d86-4b1c7dfa29f4
ea95c11e-f116-4f46-a735-8fd7f598ddfe,"""2026-09-17T02:57:31.397Z""",GET,/rest/v1/knowledge_objects,200,2026-09-17T02:57:31.397000,success,GET | 200 | https://rjfnuegwzolpmzmdykfq.supabase.co/rest/v1/knowledge_objects?select=id%2Ctitle%2Csource_parent_object_id%2Csource_modified_at%2Ccontent_hash&source_id=eq.f4c083ee-e9b6-4441-b0ea-22486196b32d&source_object_id=eq.70EE5AA1D6A4DA1F%2181587&limit=2 | python-httpx/0.28.1,edge,null,[],cd0dcb8b-2822-4e50-9d86-4b1c7dfa29f4
ad3f2970-d9f5-418b-b218-97bd612423b5,"""2026-09-17T02:57:31.328Z""",GET,/rest/v1/knowledge_objects,200,2026-09-17T02:57:31.328000,success,GET | 200 | https://rjfnuegwzolpmzmdykfq.supabase.co/rest/v1/knowledge_objects?select=id%2Ctitle%2Csource_parent_object_id%2Csource_modified_at%2Ccontent_hash&source_id=eq.f4c083ee-e9b6-4441-b0ea-22486196b32d&source_object_id=eq.70EE5AA1D6A4DA1F%2181586&limit=2 | python-httpx/0.28.1,edge,null,[],cd0dcb8b-2822-4e50-9d86-4b1c7dfa29f4
077462b9-8023-476c-b9db-f80bba7e414b,"""2026-09-17T02:57:31.254Z""",GET,/rest/v1/knowledge_objects,200,2026-09-17T02:57:31.254000,success,GET | 200 | https://rjfnuegwzolpmzmdykfq.supabase.co/rest/v1/knowledge_objects?select=id%2Ctitle%2Csource_parent_object_id%2Csource_modified_at%2Ccontent_hash&source_id=eq.f4c083ee-e9b6-4441-b0ea-22486196b32d&source_object_id=eq.70EE5AA1D6A4DA1F%2181588&limit=2 | python-httpx/0.28.1,edge,null,[],cd0dcb8b-2822-4e50-9d86-4b1c7dfa29f4
4feca6d9-86ce-49aa-9098-27fbe6ea81ae,"""2026-09-17T02:57:31.180Z""",GET,/rest/v1/knowledge_objects,200,2026-09-17T02:57:31.180000,success,GET | 200 | https://rjfnuegwzolpmzmdykfq.supabase.co/rest/v1/knowledge_objects?select=id%2Ctitle%2Csource_parent_object_id%2Csource_modified_at%2Ccontent_hash&source_id=eq.f4c083ee-e9b6-4441-b0ea-22486196b32d&source_object_id=eq.70EE5AA1D6A4DA1F%2181589&limit=2 | python-httpx/0.28.1,edge,null,[],cd0dcb8b-2822-4e50-9d86-4b1c7dfa29f4
52e71376-8fd4-424d-8d1a-4c53ba8e040f,"""2026-09-17T02:57:31.100Z""",GET,/rest/v1/knowledge_objects,200,2026-09-17T02:57:31.100000,success,GET | 200 | https://rjfnuegwzolpmzmdykfq.supabase.co/rest/v1/knowledge_objects?select=id%2Ctitle%2Csource_parent_object_id%2Csource_modified_at%2Ccontent_hash&source_id=eq.f4c083ee-e9b6-4441-b0ea-22486196b32d&source_object_id=eq.70EE5AA1D6A4DA1F%2181590&limit=2 | python-httpx/0.28.1,edge,null,[],cd0dcb8b-2822-4e50-9d86-4b1c7dfa29f4
2621ef37-5f39-4088-9bf6-4538f014ea4b,"""2026-09-17T02:57:31.023Z""",GET,/rest/v1/knowledge_objects,200,2026-09-17T02:57:31.023000,success,GET | 200 | https://rjfnuegwzolpmzmdykfq.supabase.co/rest/v1/knowledge_objects?select=id%2Ctitle%2Csource_parent_object_id%2Csource_modified_at%2Ccontent_hash&source_id=eq.f4c083ee-e9b6-4441-b0ea-22486196b32d&source_object_id=eq.70EE5AA1D6A4DA1F%2181592&limit=2 | python-httpx/0.28.1,edge,null,[],cd0dcb8b-2822-4e50-9d86-4b1c7dfa29f4
fa32cf45-42d4-4030-ae1c-e176835974e8,"""2026-09-17T02:57:30.945Z""",GET,/rest/v1/knowledge_objects,200,2026-09-17T02:57:30.945000,success,GET | 200 | https://rjfnuegwzolpmzmdykfq.supabase.co/rest/v1/knowledge_objects?select=id%2Ctitle%2Csource_parent_object_id%2Csource_modified_at%2Ccontent_hash&source_id=eq.f4c083ee-e9b6-4441-b0ea-22486196b32d&source_object_id=eq.70EE5AA1D6A4DA1F%2181591&limit=2 | python-httpx/0.28.1,edge,null,[],cd0dcb8b-2822-4e50-9d86-4b1c7dfa29f4
c3f3b941-76f5-4894-a5d7-b8c7c4e5619f,"""2026-09-17T02:57:30.873Z""",GET,/rest/v1/knowledge_objects,200,2026-09-17T02:57:30.873000,success,GET | 200 | https://rjfnuegwzolpmzmdykfq.supabase.co/rest/v1/knowledge_objects?select=id%2Ctitle%2Csource_parent_object_id%2Csource_modified_at%2Ccontent_hash&source_id=eq.f4c083ee-e9b6-4441-b0ea-22486196b32d&source_object_id=eq.70EE5AA1D6A4DA1F%2181593&limit=2 | python-httpx/0.28.1,edge,null,[],cd0dcb8b-2822-4e50-9d86-4b1c7dfa29f4
1e47942a-82f3-4af7-a0f9-6ea389a670dd,"""2026-09-17T02:57:30.798Z""",GET,/rest/v1/knowledge_objects,200,2026-09-17T02:57:30.798000,success,GET | 200 | https://rjfnuegwzolpmzmdykfq.supabase.co/rest/v1/knowledge_objects?select=id%2Ctitle%2Csource_parent_object_id%2Csource_modified_at%2Ccontent_hash&source_id=eq.f4c083ee-e9b6-4441-b0ea-22486196b32d&source_object_id=eq.70EE5AA1D6A4DA1F%2181594&limit=2 | python-httpx/0.28.1,edge,null,[],cd0dcb8b-2822-4e50-9d86-4b1c7dfa29f4
61e63f8c-50c1-49cc-b0b6-8ec8bd3b8977,"""2026-09-17T02:57:30.722Z""",GET,/rest/v1/knowledge_objects,200,2026-09-17T02:57:30.722000,success,GET | 200 | https://rjfnuegwzolpmzmdykfq.supabase.co/rest/v1/knowledge_objects?select=id%2Ctitle%2Csource_parent_object_id%2Csource_modified_at%2Ccontent_hash&source_id=eq.f4c083ee-e9b6-4441-b0ea-22486196b32d&source_object_id=eq.70EE5AA1D6A4DA1F%2181595&limit=2 | python-httpx/0.28.1,edge,null,[],cd0dcb8b-2822-4e50-9d86-4b1c7dfa29f4
b87b2383-fd35-4b3d-b318-28f15a00c6d1,"""2026-09-17T02:57:30.649Z""",GET,/rest/v1/knowledge_objects,200,2026-09-17T02:57:30.649000,success,GET | 200 | https://rjfnuegwzolpmzmdykfq.supabase.co/rest/v1/knowledge_objects?select=id%2Ctitle%2Csource_parent_object_id%2Csource_modified_at%2Ccontent_hash&source_id=eq.f4c083ee-e9b6-4441-b0ea-22486196b32d&source_object_id=eq.70EE5AA1D6A4DA1F%2181596&limit=2 | python-httpx/0.28.1,edge,null,[],cd0dcb8b-2822-4e50-9d86-4b1c7dfa29f4
810441ca-6090-4747-86d0-0d822e1958ad,"""2026-09-17T02:57:30.573Z""",GET,/rest/v1/knowledge_objects,200,2026-09-17T02:57:30.573000,success,GET | 200 | https://rjfnuegwzolpmzmdykfq.supabase.co/rest/v1/knowledge_objects?select=id%2Ctitle%2Csource_parent_object_id%2Csource_modified_at%2Ccontent_hash&source_id=eq.f4c083ee-e9b6-4441-b0ea-22486196b32d&source_object_id=eq.70EE5AA1D6A4DA1F%2181597&limit=2 | python-httpx/0.28.1,edge,null,[],cd0dcb8b-2822-4e50-9d86-4b1c7dfa29f4
3b8cf028-9081-45ee-a69f-b7497191c1ba,"""2026-09-17T02:57:30.494Z""",GET,/rest/v1/knowledge_objects,200,2026-09-17T02:57:30.494000,success,GET | 200 | https://rjfnuegwzolpmzmdykfq.supabase.co/rest/v1/knowledge_objects?select=id%2Ctitle%2Csource_parent_object_id%2Csource_modified_at%2Ccontent_hash&source_id=eq.f4c083ee-e9b6-4441-b0ea-22486196b32d&source_object_id=eq.70EE5AA1D6A4DA1F%2181598&limit=2 | python-httpx/0.28.1,edge,null,[],cd0dcb8b-2822-4e50-9d86-4b1c7dfa29f4
6f22527e-a2bb-485c-8bb5-483ee849bf07,"""2026-09-17T02:57:30.415Z""",GET,/rest/v1/knowledge_objects,200,2026-09-17T02:57:30.415000,success,GET | 200 | https://rjfnuegwzolpmzmdykfq.supabase.co/rest/v1/knowledge_objects?select=id%2Ctitle%2Csource_parent_object_id%2Csource_modified_at%2Ccontent_hash&source_id=eq.f4c083ee-e9b6-4441-b0ea-22486196b32d&source_object_id=eq.70EE5AA1D6A4DA1F%2181599&limit=2 | python-httpx/0.28.1,edge,null,[],cd0dcb8b-2822-4e50-9d86-4b1c7dfa29f4
950e1715-54a9-4767-b2d5-1d5f95a4e404,"""2026-09-17T02:57:30.339Z""",GET,/rest/v1/knowledge_objects,200,2026-09-17T02:57:30.339000,success,GET | 200 | https://rjfnuegwzolpmzmdykfq.supabase.co/rest/v1/knowledge_objects?select=id%2Ctitle%2Csource_parent_object_id%2Csource_modified_at%2Ccontent_hash&source_id=eq.f4c083ee-e9b6-4441-b0ea-22486196b32d&source_object_id=eq.70EE5AA1D6A4DA1F%2181600&limit=2 | python-httpx/0.28.1,edge,null,[],cd0dcb8b-2822-4e50-9d86-4b1c7dfa29f4
fb4892ea-1669-4ef6-bd83-a4531d05fc77,"""2026-09-17T02:57:30.260Z""",GET,/rest/v1/knowledge_objects,200,2026-09-17T02:57:30.260000,success,GET | 200 | https://rjfnuegwzolpmzmdykfq.supabase.co/rest/v1/knowledge_objects?select=id%2Ctitle%2Csource_parent_object_id%2Csource_modified_at%2Ccontent_hash&source_id=eq.f4c083ee-e9b6-4441-b0ea-22486196b32d&source_object_id=eq.70EE5AA1D6A4DA1F%2181601&limit=2 | python-httpx/0.28.1,edge,null,[],cd0dcb8b-2822-4e50-9d86-4b1c7dfa29f4
44a96974-70ec-4e3e-8e78-6ae709ccb796,"""2026-09-17T02:57:30.190Z""",GET,/rest/v1/knowledge_objects,200,2026-09-17T02:57:30.190000,success,GET | 200 | https://rjfnuegwzolpmzmdykfq.supabase.co/rest/v1/knowledge_objects?select=id%2Ctitle%2Csource_parent_object_id%2Csource_modified_at%2Ccontent_hash&source_id=eq.f4c083ee-e9b6-4441-b0ea-22486196b32d&source_object_id=eq.70EE5AA1D6A4DA1F%2181602&limit=2 | python-httpx/0.28.1,edge,null,[],cd0dcb8b-2822-4e50-9d86-4b1c7dfa29f4
f2555f01-6c02-4a68-ab9a-36a8fedcc5df,"""2026-09-17T02:57:30.114Z""",GET,/rest/v1/knowledge_objects,200,2026-09-17T02:57:30.114000,success,GET | 200 | https://rjfnuegwzolpmzmdykfq.supabase.co/rest/v1/knowledge_objects?select=id%2Ctitle%2Csource_parent_object_id%2Csource_modified_at%2Ccontent_hash&source_id=eq.f4c083ee-e9b6-4441-b0ea-22486196b32d&source_object_id=eq.70EE5AA1D6A4DA1F%2181603&limit=2 | python-httpx/0.28.1,edge,null,[],cd0dcb8b-2822-4e50-9d86-4b1c7dfa29f4
0c2d88fe-22d1-4b05-908f-ff2038313506,"""2026-09-17T02:57:30.041Z""",GET,/rest/v1/knowledge_objects,200,2026-09-17T02:57:30.041000,success,GET | 200 | https://rjfnuegwzolpmzmdykfq.supabase.co/rest/v1/knowledge_objects?select=id%2Ctitle%2Csource_parent_object_id%2Csource_modified_at%2Ccontent_hash&source_id=eq.f4c083ee-e9b6-4441-b0ea-22486196b32d&source_object_id=eq.70EE5AA1D6A4DA1F%2181604&limit=2 | python-httpx/0.28.1,edge,null,[],cd0dcb8b-2822-4e50-9d86-4b1c7dfa29f4
26ed89d7-1f55-4e37-b50d-78537cbf8483,"""2026-09-17T02:57:29.964Z""",GET,/rest/v1/knowledge_objects,200,2026-09-17T02:57:29.964000,success,GET | 200 | https://rjfnuegwzolpmzmdykfq.supabase.co/rest/v1/knowledge_objects?select=id%2Ctitle%2Csource_parent_object_id%2Csource_modified_at%2Ccontent_hash&source_id=eq.f4c083ee-e9b6-4441-b0ea-22486196b32d&source_object_id=eq.70EE5AA1D6A4DA1F%2181605&limit=2 | python-httpx/0.28.1,edge,null,[],cd0dcb8b-2822-4e50-9d86-4b1c7dfa29f4
aeab65c2-73d6-4057-811e-d9480c8a6222,"""2026-09-17T02:57:29.886Z""",GET,/rest/v1/knowledge_objects,200,2026-09-17T02:57:29.886000,success,GET | 200 | https://rjfnuegwzolpmzmdykfq.supabase.co/rest/v1/knowledge_objects?select=id%2Ctitle%2Csource_parent_object_id%2Csource_modified_at%2Ccontent_hash&source_id=eq.f4c083ee-e9b6-4441-b0ea-22486196b32d&source_object_id=eq.70EE5AA1D6A4DA1F%2181606&limit=2 | python-httpx/0.28.1,edge,null,[],cd0dcb8b-2822-4e50-9d86-4b1c7dfa29f4
0dad30bb-468b-49e8-aa2d-dc29b53810ba,"""2026-09-17T02:57:29.810Z""",GET,/rest/v1/knowledge_objects,200,2026-09-17T02:57:29.810000,success,GET | 200 | https://rjfnuegwzolpmzmdykfq.supabase.co/rest/v1/knowledge_objects?select=id%2Ctitle%2Csource_parent_object_id%2Csource_modified_at%2Ccontent_hash&source_id=eq.f4c083ee-e9b6-4441-b0ea-22486196b32d&source_object_id=eq.70EE5AA1D6A4DA1F%2181510&limit=2 | python-httpx/0.28.1,edge,null,[],cd0dcb8b-2822-4e50-9d86-4b1c7dfa29f4